,id,created_at,updated_at,doctor_id,fname,lname,office_number,specialty
1000,fc6cce54-cc82-4510-a4f5-9a5a01928daa,2020-01-01 00:00:00.000000000,2020-01-01 00:00:00.000000000,41416d68-dc27-4665-8ef0-d1acc6d394c7,Irina,Fuchs,12,Internal Medicine
1001,b02bee48-cafd-4188-8b96-b0d97b00c523,2020-01-27 02:17:08.571428571,2020-01-27 02:17:08.571428571,c8767e79-3c1b-473f-8dbf-923a209b797a,Samina,Raghid,14,Family Medicine
1002,7d4577ec-f785-405a-9d58-4435fe5e031c,2020-02-22 04:34:17.142857143,2020-02-22 04:34:17.142857143,286bbb8f-dc28-4f65-98b6-1129dee98053,Sarita,Khatri,16,Pediatrics
1003,3616dfef-3307-4652-b2fc-b8d6b026bec4,2020-03-19 06:51:25.714285714,2020-03-19 06:51:25.714285714,669ed285-d730-4d5d-b3b3-632602f24804,Larisa,Veksman,18,
1004,63c4af91-7bbd-4d72-89e5-4c41019d933e,2020-04-14 09:08:34.285714286,2020-04-14 09:08:34.285714286,abd74242-91e8-4e17-9c93-bad37b473e62,Dina,Louie,20,OB/GYN
1005,73144f3e-8345-4e58-a5c2-77e62df642a8,2020-05-10 11:25:42.857142858,2020-05-10 11:25:42.857142858,b148f0d2-edf1-4e8e-8a97-ebaa3079dab2,Teresa,Chan,22,Other
1006,b2439339-3080-4c05-a19a-6c203c375180,2020-06-05 13:42:51.428571428,2020-06-05 13:42:51.428571428,7342e79b-aee9-48f9-aff8-6228a04af913,Kevin,Charlotten,24,PMR
1007,5ecfea51-a0f3-49de-8ed9-dc07ad044e12,2020-07-01 16:00:00.000000000,2020-07-01 16:00:00.000000000,a2ff6163-0b3b-410c-bb7c-ba0f036a67b6,Fei,Wang,26,Cardiology
1008,e77f5fb6-626e-463d-8767-0d84a3ef2196,2020-07-27 18:17:08.571428572,2020-07-27 18:17:08.571428572,f3c72128-cd8b-4921-a185-7a61e8ce50b6,Melaine,McLean,28,Podiatry
1009,7ee3d5bc-c8c5-467d-83dd-5f08f9cccc87,2020-08-22 20:34:17.142857144,2020-08-22 20:34:17.142857144,81296704-366b-4027-a526-5cb42b8e924b,Dilia,Castanos,30,Pediatric Endocrinology
1010,e44cf01a-fa12-4e2f-9239-6d37423871d1,2020-09-17 22:51:25.714285716,2020-09-17 22:51:25.714285716,6e83fac2-6240-4dbb-b754-8da85f28a221,Hemant,Patel,32,Addiction
1011,7a3334ff-da05-4b16-99b6-a63c7655092f,2020-10-14 01:08:34.285714288,2020-10-14 01:08:34.285714288,3eca1acf-8e87-4d1e-8db0-e73ab2fd6211,Naveen,Pesala,34,Multi-Specialty
1012,a8ab7b4a-db6c-4f90-aa6d-6fce9434e32e,2020-11-09 03:25:42.857142856,2020-11-09 03:25:42.857142856,f8adfb55-4e83-4a3d-a2f3-57c01ca5492d,Vinod,Bhagat,36,HIV
1013,eca6223e-4a56-4463-8a27-d721d1426c3e,2020-12-05 05:42:51.428571428,2020-12-05 05:42:51.428571428,18d24670-bc4e-43a2-bffb-7edef0df0f76,Nisha,Patel,38,Health Care for the Homeless
1014,cdc36818-c880-4058-aceb-d56011d77bba,2020-12-31 08:00:00.000000000,2020-12-31 08:00:00.000000000,43fce85a-2942-4bb0-83dc-491264affb44,Ishita,Thakkar,40,Family Planning
1015,03253847-3fba-45c8-9129-465e928d36ef,2021-01-26 10:17:08.571428572,2021-01-26 10:17:08.571428572,78611bc3-e211-4b5b-995b-6b688fede25d,Michelle,Senbertrand,42,MRDD
1016,c96fef1d-ba1c-4079-9d3f-446ee36403f2,2021-02-21 12:34:17.142857144,2021-02-21 12:34:17.142857144,373cccb2-98c7-46de-927d-13793e918a48,Tinatin,Urphanishvili,44,GYN
1017,3bd7d6d6-1214-4ce5-999f-bc3524674324,2021-03-19 14:51:25.714285712,2021-03-19 14:51:25.714285712,e862ec34-12c6-43fa-875d-7564250fc7f0,Roberto,Gabitto,46,Oncology
1018,ec786c06-62fe-48b1-b25e-c552f15f75bc,2021-04-14 17:08:34.285714288,2021-04-14 17:08:34.285714288,a9847755-abde-4743-974d-14cb73701dd7,Meron,Kristos,48,Infectious Disease
1019,0ef5d890-5332-41c9-9548-86ed4e9a0dac,2021-05-10 19:25:42.857142856,2021-05-10 19:25:42.857142856,ef51ac3b-8257-4c0b-9ec4-df99ea0faadf,Henghe,Tien,50,Allergy
1020,e8f33f27-7784-4d96-a1d0-5e5245a69b25,2021-06-05 21:42:51.428571432,2021-06-05 21:42:51.428571432,78c04943-b358-4a35-9a7f-0fcf122964ee,Henry,Bellutta,52,Geriatric Medicine
1021,b475e06c-ac4a-48b6-838e-42e3db9e55d5,2021-07-02 00:00:00.000000000,2021-07-02 00:00:00.000000000,9be5325f-e830-4e10-8e3d-fceb35c67344,Henry,Sardar,54,Ophthamology
1022,cfa7d3c1-1004-423d-8d59-18b2a39cc161,2021-07-28 02:17:08.571428576,2021-07-28 02:17:08.571428576,32945910-f9c1-4f36-90f9-7bc814b35e50,Henry,Ting,56,Endocrinology
1023,c43cd702-15d5-491f-8f5c-29a70babc1e1,2021-08-23 04:34:17.142857144,2021-08-23 04:34:17.142857144,d4fc2ddf-49ea-4058-8cb6-68c20f6b1657,David,Faphounda,58,Optometry
1024,5a3295e7-cc34-4c44-9b63-eb686708d250,2021-09-18 06:51:25.714285712,2021-09-18 06:51:25.714285712,53c9e6f5-b41c-4774-8342-f17f5a41f7b6,A,Stewart,60,Sports Medicine
1025,eb5d90cb-229b-4916-9c8b-bb88501c12e1,2021-10-14 09:08:34.285714288,2021-10-14 09:08:34.285714288,4f9d043e-9bbf-43e0-af2f-d8122f031e8f,Adebola,Orafidiya,62,Psychiatry
1026,44de32f7-6129-4737-aefd-4b57366f97c5,2021-11-09 11:25:42.857142856,2021-11-09 11:25:42.857142856,9d7c9c29-60e2-4935-83c2-cbe8bc499356,Nazmul Hossain,Khan,64,Urology
1027,cced6458-c0dc-4777-b470-0475f4a9d6fc,2021-12-05 13:42:51.428571432,2021-12-05 13:42:51.428571432,3e686c96-320d-42fa-9984-841ab0b321c9,Farzana,Nizami,66,Pulmonary
1028,25d95a5d-0f08-4fa7-a386-32c97eb8fc4c,2021-12-31 16:00:00.000000000,2021-12-31 16:00:00.000000000,755bdc67-fa72-497e-ba66-25e96758c142,SABINA,AWWAL,68,Adolescent Medicine
1029,d565d31c-7957-46d2-a020-a27d4ae476ae,2022-01-26 18:17:08.571428576,2022-01-26 18:17:08.571428576,4bb4856c-279b-4b76-9474-83768c669144,Himanshu,Patel,70,Hematology
1030,4304cba1-c4dc-4aea-9b7b-3fd6113c9490,2022-02-21 20:34:17.142857144,2022-02-21 20:34:17.142857144,6d021b63-50a7-4123-ba19-06be7749a7bc,Jigar,Patel,72,Gastroenterology
1031,3fceb8be-a03c-49a3-aa91-161b8b18f62f,2022-03-19 22:51:25.714285720,2022-03-19 22:51:25.714285720,7e508b36-ae56-4822-b765-e4f6264c99ae,Francisco,Rosario,74,Otolaryngology
1032,8d418e05-2930-4e4b-a4b4-62a36269f6d3,2022-04-15 01:08:34.285714288,2022-04-15 01:08:34.285714288,48347c95-e666-42b6-9232-ae22f320da3b,Indira,Kairam,76,Dermatology
1033,110726f1-73f3-4720-bfc5-2a29d327ff80,2022-05-11 03:25:42.857142864,2022-05-11 03:25:42.857142864,f13cf787-d6b6-43bf-a500-b7d17324e85d,Marlene,Saint-Hilaire,78,Rheumatology
1034,7c3d241f-01c0-4788-beac-41ba0099f95a,2022-06-06 05:42:51.428571424,2022-06-06 05:42:51.428571424,6092abcf-6106-41b9-bd96-7a2815d041ed,Edline,Walters,80,Neurology
1035,defd2822-3378-49c2-99cb-85bdc00b658c,2022-07-02 08:00:00.000000000,2022-07-02 08:00:00.000000000,f6ba629d-84c4-475e-8759-c172b089f6f5,Gino,Zunino,82,GI
1036,2cf5e8be-7e21-40ad-8aa4-6485f74dc831,2022-07-28 10:17:08.571428576,2022-07-28 10:17:08.571428576,a264d309-bf19-46b2-844d-0ffedb2a27ae,Elsa J.,Reyes,84,Physical Therapy
1037,9650b1ea-7849-4e4c-b412-7886463ae853,2022-08-23 12:34:17.142857152,2022-08-23 12:34:17.142857152,dc1469dc-0047-475c-8e6c-fce75b16f862,Jia,Hong,86,Pathology
1038,3b9a381a-8be9-473a-88c0-b1d354b21c5f,2022-09-18 14:51:25.714285712,2022-09-18 14:51:25.714285712,a83b53a1-5528-4c64-b248-5d57bb1663ba,Ala-May,Lumibao,88,Nephrology
1039,00d2294a-e5fb-4608-a40d-23390c17e74d,2022-10-14 17:08:34.285714288,2022-10-14 17:08:34.285714288,e9c1104f-7507-4353-95cb-688862206531,Florence,Golamco,90,Dentistry
1040,f29b17be-86bb-43ee-9867-996232178cea,2022-11-09 19:25:42.857142864,2022-11-09 19:25:42.857142864,e4e14ee9-2e1f-4fe2-97a6-c1889c0d3e2c,Most Jahan,Begum,92,Psychology
1041,25c41734-d4ed-4ef8-8cd8-cba1a78996ef,2022-12-05 21:42:51.428571424,2022-12-05 21:42:51.428571424,b32d0357-0025-44fd-9999-dded765d9b92,Emil,Lavian,94,Pediatric Cardiology
1042,c78cdc53-421e-43f7-a5be-978b65d69de8,2023-01-01 00:00:00.000000000,2023-01-01 00:00:00.000000000,a5db5fa4-5093-491a-ac0a-d498d490a4b8,Paul,De Guzman,96,Surgery
